Dataset,Source,Scraped Date,Month,Average lending rate,Ghana reference rate,Interbank weighted average rate,Monetary policy rate,Savings deposits rate,Treasury bill rate (91-day)
Ghana Interest Rates,Ghana Statistical Service (GSS StatsBank),2026-04-20,2024M07,30.7,29.4,28.8,29.0,5.0,24.8
Ghana Interest Rates,Ghana Statistical Service (GSS StatsBank),2026-04-20,2024M06,31.1,29.4,28.8,29.0,5.0,24.9
Ghana Interest Rates,Ghana Statistical Service (GSS StatsBank),2026-04-20,2024M05,31.1,29.7,28.7,29.0,5.0,25.2
Ghana Interest Rates,Ghana Statistical Service (GSS StatsBank),2026-04-20,2024M04,31.2,29.8,28.7,29.0,5.0,25.7
Ghana Interest Rates,Ghana Statistical Service (GSS StatsBank),2026-04-20,2024M03,32.4,30.4,28.5,29.0,5.0,26.4
Ghana Interest Rates,Ghana Statistical Service (GSS StatsBank),2026-04-20,2024M02,32.8,31.3,29.2,29.0,5.0,27.9
Ghana Interest Rates,Ghana Statistical Service (GSS StatsBank),2026-04-20,2024M01,32.9,32.2,29.9,29.0,5.0,28.9
Ghana Interest Rates,Ghana Statistical Service (GSS StatsBank),2026-04-20,2023M12,33.8,32.2,30.2,30.0,5.0,29.4
Ghana Interest Rates,Ghana Statistical Service (GSS StatsBank),2026-04-20,2023M11,33.3,32.0,29.1,30.0,5.0,29.7
Ghana Interest Rates,Ghana Statistical Service (GSS StatsBank),2026-04-20,2023M10,32.7,31.1,28.5,30.0,5.0,29.4
Ghana Interest Rates,Ghana Statistical Service (GSS StatsBank),2026-04-20,2023M09,32.5,30.3,27.3,30.0,5.0,28.2
Ghana Interest Rates,Ghana Statistical Service (GSS StatsBank),2026-04-20,2023M08,31.8,29.3,26.6,30.0,5.0,26.3
Ghana Interest Rates,Ghana Statistical Service (GSS StatsBank),2026-04-20,2023M07,31.5,28.0,26.2,30.0,5.0,24.6
Ghana Interest Rates,Ghana Statistical Service (GSS StatsBank),2026-04-20,2023M06,31.2,26.9,26.0,29.5,5.0,21.8
Ghana Interest Rates,Ghana Statistical Service (GSS StatsBank),2026-04-20,2023M05,30.9,26.4,25.9,29.5,6.2,20.4
Ghana Interest Rates,Ghana Statistical Service (GSS StatsBank),2026-04-20,2023M04,31.7,25.8,25.9,29.5,6.2,19.7
Ghana Interest Rates,Ghana Statistical Service (GSS StatsBank),2026-04-20,2023M03,35.9,32.9,25.9,29.5,6.2,20.4
Ghana Interest Rates,Ghana Statistical Service (GSS StatsBank),2026-04-20,2023M02,36.6,33.2,25.7,28.0,7.6,35.7
Ghana Interest Rates,Ghana Statistical Service (GSS StatsBank),2026-04-20,2023M01,35.9,32.7,25.2,28.0,7.6,35.6
Ghana Interest Rates,Ghana Statistical Service (GSS StatsBank),2026-04-20,2022M12,35.6,32.8,25.5,27.0,7.6,35.5
Ghana Interest Rates,Ghana Statistical Service (GSS StatsBank),2026-04-20,2022M11,33.9,30.6,25.8,27.0,7.6,34.6
Ghana Interest Rates,Ghana Statistical Service (GSS StatsBank),2026-04-20,2022M10,31.4,27.4,24.0,24.5,7.6,31.5
Ghana Interest Rates,Ghana Statistical Service (GSS StatsBank),2026-04-20,2022M09,29.8,26.5,22.1,22.0,7.6,29.7
Ghana Interest Rates,Ghana Statistical Service (GSS StatsBank),2026-04-20,2022M08,28.0,24.2,21.9,22.0,7.6,27.7
Ghana Interest Rates,Ghana Statistical Service (GSS StatsBank),2026-04-20,2022M07,26.5,23.7,21.2,19.0,7.6,26.2
Ghana Interest Rates,Ghana Statistical Service (GSS StatsBank),2026-04-20,2022M06,24.3,20.8,19.9,19.0,7.6,24.1
Ghana Interest Rates,Ghana Statistical Service (GSS StatsBank),2026-04-20,2022M05,22.5,18.0,18.4,19.0,7.6,19.1
Ghana Interest Rates,Ghana Statistical Service (GSS StatsBank),2026-04-20,2022M04,21.6,14.5,16.5,17.0,7.6,16.2
Ghana Interest Rates,Ghana Statistical Service (GSS StatsBank),2026-04-20,2022M03,20.6,14.2,13.3,17.0,7.6,13.5
Ghana Interest Rates,Ghana Statistical Service (GSS StatsBank),2026-04-20,2022M02,20.5,14.0,13.0,14.5,7.6,12.8
Ghana Interest Rates,Ghana Statistical Service (GSS StatsBank),2026-04-20,2022M01,20.2,13.9,12.8,14.5,7.6,12.6
Ghana Interest Rates,Ghana Statistical Service (GSS StatsBank),2026-04-20,2021M12,20.0,13.9,12.7,14.5,7.6,12.5
Ghana Interest Rates,Ghana Statistical Service (GSS StatsBank),2026-04-20,2021M11,20.2,13.5,12.6,14.5,7.6,12.5
Ghana Interest Rates,Ghana Statistical Service (GSS StatsBank),2026-04-20,2021M10,20.3,13.5,12.7,13.5,7.6,12.5
Ghana Interest Rates,Ghana Statistical Service (GSS StatsBank),2026-04-20,2021M09,20.2,13.5,12.6,13.5,7.6,12.5
Ghana Interest Rates,Ghana Statistical Service (GSS StatsBank),2026-04-20,2021M08,20.5,13.5,12.6,13.5,7.6,12.5
Ghana Interest Rates,Ghana Statistical Service (GSS StatsBank),2026-04-20,2021M07,20.7,13.6,12.6,13.5,7.6,12.6
Ghana Interest Rates,Ghana Statistical Service (GSS StatsBank),2026-04-20,2021M06,20.6,13.8,12.9,13.5,7.6,12.6
Ghana Interest Rates,Ghana Statistical Service (GSS StatsBank),2026-04-20,2021M05,20.8,14.2,13.6,13.5,7.6,12.8
Ghana Interest Rates,Ghana Statistical Service (GSS StatsBank),2026-04-20,2021M04,20.9,14.2,13.6,14.5,7.6,12.8
Ghana Interest Rates,Ghana Statistical Service (GSS StatsBank),2026-04-20,2021M03,21.0,14.3,13.6,14.5,7.6,13.0
Ghana Interest Rates,Ghana Statistical Service (GSS StatsBank),2026-04-20,2021M02,21.0,14.8,13.6,14.5,7.6,13.6
Ghana Interest Rates,Ghana Statistical Service (GSS StatsBank),2026-04-20,2021M01,21.0,14.8,13.6,14.5,7.6,14.1
Ghana Interest Rates,Ghana Statistical Service (GSS StatsBank),2026-04-20,2020M12,21.1,14.8,13.6,14.5,7.6,14.1
Ghana Interest Rates,Ghana Statistical Service (GSS StatsBank),2026-04-20,2020M11,20.9,14.8,13.6,14.5,7.6,14.1
Ghana Interest Rates,Ghana Statistical Service (GSS StatsBank),2026-04-20,2020M10,21.3,14.8,13.6,14.5,7.6,14.0
Ghana Interest Rates,Ghana Statistical Service (GSS StatsBank),2026-04-20,2020M09,21.3,14.8,13.6,14.5,7.6,14.0
Ghana Interest Rates,Ghana Statistical Service (GSS StatsBank),2026-04-20,2020M08,21.4,14.7,13.6,14.5,7.6,14.0
Ghana Interest Rates,Ghana Statistical Service (GSS StatsBank),2026-04-20,2020M07,21.3,14.8,13.7,14.5,7.6,14.0
Ghana Interest Rates,Ghana Statistical Service (GSS StatsBank),2026-04-20,2020M06,22.0,14.8,13.8,14.5,7.5,14.0
Ghana Interest Rates,Ghana Statistical Service (GSS StatsBank),2026-04-20,2020M05,22.1,14.8,13.9,14.5,7.5,14.0
Ghana Interest Rates,Ghana Statistical Service (GSS StatsBank),2026-04-20,2020M04,22.4,15.1,14.0,14.5,7.5,14.1
Ghana Interest Rates,Ghana Statistical Service (GSS StatsBank),2026-04-20,2020M03,23.4,16.3,15.7,14.5,7.5,14.7
Ghana Interest Rates,Ghana Statistical Service (GSS StatsBank),2026-04-20,2020M02,23.4,16.2,15.9,16.0,7.5,14.7
Ghana Interest Rates,Ghana Statistical Service (GSS StatsBank),2026-04-20,2020M01,23.1,16.1,15.4,16.0,7.5,14.7
Ghana Interest Rates,Ghana Statistical Service (GSS StatsBank),2026-04-20,2019M12,23.6,16.1,15.2,16.0,7.5,14.7
Ghana Interest Rates,Ghana Statistical Service (GSS StatsBank),2026-04-20,2019M11,23.5,16.1,15.2,16.0,7.5,14.7
Ghana Interest Rates,Ghana Statistical Service (GSS StatsBank),2026-04-20,2019M10,23.7,16.1,15.2,16.0,7.5,14.7
Ghana Interest Rates,Ghana Statistical Service (GSS StatsBank),2026-04-20,2019M09,23.7,16.1,15.2,16.0,7.5,14.7
Ghana Interest Rates,Ghana Statistical Service (GSS StatsBank),2026-04-20,2019M08,24.0,16.1,15.2,16.0,7.5,14.7
Ghana Interest Rates,Ghana Statistical Service (GSS StatsBank),2026-04-20,2019M07,24.1,16.1,15.2,16.0,7.5,14.7
Ghana Interest Rates,Ghana Statistical Service (GSS StatsBank),2026-04-20,2019M06,23.1,16.2,15.2,16.0,7.5,14.8
Ghana Interest Rates,Ghana Statistical Service (GSS StatsBank),2026-04-20,2019M05,23.1,16.1,15.2,16.0,7.5,14.9
Ghana Interest Rates,Ghana Statistical Service (GSS StatsBank),2026-04-20,2019M04,23.1,16.1,15.2,16.0,7.5,14.7
Ghana Interest Rates,Ghana Statistical Service (GSS StatsBank),2026-04-20,2019M03,23.3,16.1,15.2,16.0,7.5,14.7
Ghana Interest Rates,Ghana Statistical Service (GSS StatsBank),2026-04-20,2019M02,23.5,16.3,15.6,16.0,7.5,14.7
Ghana Interest Rates,Ghana Statistical Service (GSS StatsBank),2026-04-20,2019M01,23.7,16.7,16.1,16.0,7.5,14.7
Ghana Interest Rates,Ghana Statistical Service (GSS StatsBank),2026-04-20,2018M12,24.0,16.6,16.1,17.0,7.5,14.5
Ghana Interest Rates,Ghana Statistical Service (GSS StatsBank),2026-04-20,2018M11,23.8,16.4,16.1,17.0,7.5,14.0
Ghana Interest Rates,Ghana Statistical Service (GSS StatsBank),2026-04-20,2018M10,23.9,16.1,16.2,17.0,7.5,13.5
Ghana Interest Rates,Ghana Statistical Service (GSS StatsBank),2026-04-20,2018M09,24.0,16.1,16.2,17.0,7.5,13.4
Ghana Interest Rates,Ghana Statistical Service (GSS StatsBank),2026-04-20,2018M08,23.7,16.1,16.2,17.0,7.5,13.4
Ghana Interest Rates,Ghana Statistical Service (GSS StatsBank),2026-04-20,2018M07,23.9,16.1,16.2,17.0,7.5,13.3
Ghana Interest Rates,Ghana Statistical Service (GSS StatsBank),2026-04-20,2018M06,24.1,16.2,16.4,17.0,7.5,13.3
Ghana Interest Rates,Ghana Statistical Service (GSS StatsBank),2026-04-20,2018M05,24.7,16.7,17.2,17.0,7.5,13.3
Ghana Interest Rates,Ghana Statistical Service (GSS StatsBank),2026-04-20,2018M04,25.0,16.8,17.5,18.0,7.5,13.3
Ghana Interest Rates,Ghana Statistical Service (GSS StatsBank),2026-04-20,2018M03,25.5,..,18.1,18.0,7.5,13.4
Ghana Interest Rates,Ghana Statistical Service (GSS StatsBank),2026-04-20,2018M02,25.4,..,18.3,20.0,7.5,13.3
Ghana Interest Rates,Ghana Statistical Service (GSS StatsBank),2026-04-20,2018M01,25.6,..,19.2,20.0,7.5,13.3
Ghana Interest Rates,Ghana Statistical Service (GSS StatsBank),2026-04-20,2017M12,26.2,..,19.3,20.0,7.6,13.3
Ghana Interest Rates,Ghana Statistical Service (GSS StatsBank),2026-04-20,2017M11,26.4,..,20.7,20.0,7.6,13.2
Ghana Interest Rates,Ghana Statistical Service (GSS StatsBank),2026-04-20,2017M10,26.7,..,20.9,21.0,7.6,13.2
Ghana Interest Rates,Ghana Statistical Service (GSS StatsBank),2026-04-20,2017M09,26.7,..,20.9,21.0,7.6,13.2
Ghana Interest Rates,Ghana Statistical Service (GSS StatsBank),2026-04-20,2017M08,27.2,..,21.0,21.0,7.6,12.7
Ghana Interest Rates,Ghana Statistical Service (GSS StatsBank),2026-04-20,2017M07,27.2,..,21.9,21.0,7.8,12.3
Ghana Interest Rates,Ghana Statistical Service (GSS StatsBank),2026-04-20,2017M06,27.3,..,22.1,22.5,7.6,12.1
Ghana Interest Rates,Ghana Statistical Service (GSS StatsBank),2026-04-20,2017M05,27.3,..,23.1,22.5,7.6,13.8
Ghana Interest Rates,Ghana Statistical Service (GSS StatsBank),2026-04-20,2017M04,27.5,..,23.3,23.5,7.6,16.5
Ghana Interest Rates,Ghana Statistical Service (GSS StatsBank),2026-04-20,2017M03,27.7,..,24.9,23.5,6.1,16.9
Ghana Interest Rates,Ghana Statistical Service (GSS StatsBank),2026-04-20,2017M02,27.6,..,25.2,25.5,6.1,15.9
Ghana Interest Rates,Ghana Statistical Service (GSS StatsBank),2026-04-20,2017M01,27.6,..,25.2,25.5,6.1,16.2
Ghana Interest Rates,Ghana Statistical Service (GSS StatsBank),2026-04-20,2016M12,28.1,..,25.3,25.5,6.1,16.8
Ghana Interest Rates,Ghana Statistical Service (GSS StatsBank),2026-04-20,2016M11,28.2,..,25.5,25.5,6.1,20.9
Ghana Interest Rates,Ghana Statistical Service (GSS StatsBank),2026-04-20,2016M10,28.0,..,25.5,26.0,6.5,22.8
Ghana Interest Rates,Ghana Statistical Service (GSS StatsBank),2026-04-20,2016M09,27.8,..,25.5,26.0,6.5,22.9
Ghana Interest Rates,Ghana Statistical Service (GSS StatsBank),2026-04-20,2016M08,28.1,..,25.5,26.0,6.5,22.8
Ghana Interest Rates,Ghana Statistical Service (GSS StatsBank),2026-04-20,2016M07,28.5,..,25.5,26.0,6.5,22.8
Ghana Interest Rates,Ghana Statistical Service (GSS StatsBank),2026-04-20,2016M06,27.9,..,25.5,26.0,6.5,22.8
Ghana Interest Rates,Ghana Statistical Service (GSS StatsBank),2026-04-20,2016M05,28.2,..,25.5,26.0,6.5,22.8
Ghana Interest Rates,Ghana Statistical Service (GSS StatsBank),2026-04-20,2016M04,28.0,..,25.4,26.0,6.5,22.8
Ghana Interest Rates,Ghana Statistical Service (GSS StatsBank),2026-04-20,2016M03,28.0,..,25.4,26.0,6.1,22.6
Ghana Interest Rates,Ghana Statistical Service (GSS StatsBank),2026-04-20,2016M02,28.0,..,25.4,26.0,6.1,22.7
Ghana Interest Rates,Ghana Statistical Service (GSS StatsBank),2026-04-20,2016M01,28.8,..,25.3,26.0,6.1,22.7
Ghana Interest Rates,Ghana Statistical Service (GSS StatsBank),2026-04-20,2015M12,27.5,..,25.2,26.0,6.1,23.1
Ghana Interest Rates,Ghana Statistical Service (GSS StatsBank),2026-04-20,2015M11,29.2,..,24.9,26.0,6.3,24.5
Ghana Interest Rates,Ghana Statistical Service (GSS StatsBank),2026-04-20,2015M10,28.2,..,25.0,25.0,6.3,25.3
Ghana Interest Rates,Ghana Statistical Service (GSS StatsBank),2026-04-20,2015M09,29.0,..,24.9,25.0,5.0,25.3
Ghana Interest Rates,Ghana Statistical Service (GSS StatsBank),2026-04-20,2015M08,27.9,..,24.9,24.0,5.0,25.2
Ghana Interest Rates,Ghana Statistical Service (GSS StatsBank),2026-04-20,2015M07,27.9,..,24.6,22.0,5.0,25.2
Ghana Interest Rates,Ghana Statistical Service (GSS StatsBank),2026-04-20,2015M06,29.0,..,24.1,22.0,5.0,25.2
Ghana Interest Rates,Ghana Statistical Service (GSS StatsBank),2026-04-20,2015M05,29.0,..,23.6,22.0,5.0,25.1
Ghana Interest Rates,Ghana Statistical Service (GSS StatsBank),2026-04-20,2015M04,29.0,..,23.2,21.0,4.8,25.2
Ghana Interest Rates,Ghana Statistical Service (GSS StatsBank),2026-04-20,2015M03,29.0,..,23.0,21.0,4.8,25.6
Ghana Interest Rates,Ghana Statistical Service (GSS StatsBank),2026-04-20,2015M02,29.0,..,22.9,21.0,4.8,25.8
Ghana Interest Rates,Ghana Statistical Service (GSS StatsBank),2026-04-20,2015M01,29.0,..,23.4,21.0,5.0,25.8
Ghana Interest Rates,Ghana Statistical Service (GSS StatsBank),2026-04-20,2014M12,29.0,..,23.9,21.0,5.0,25.8
Ghana Interest Rates,Ghana Statistical Service (GSS StatsBank),2026-04-20,2014M11,26.4,..,24.1,21.0,5.0,25.7
Ghana Interest Rates,Ghana Statistical Service (GSS StatsBank),2026-04-20,2014M10,26.4,..,24.3,19.0,5.0,25.7
Ghana Interest Rates,Ghana Statistical Service (GSS StatsBank),2026-04-20,2014M09,27.4,..,24.3,19.0,5.0,25.3
Ghana Interest Rates,Ghana Statistical Service (GSS StatsBank),2026-04-20,2014M08,27.8,..,24.1,18.0,5.0,25.0
Ghana Interest Rates,Ghana Statistical Service (GSS StatsBank),2026-04-20,2014M07,27.8,..,24.1,18.0,6.8,24.6
Ghana Interest Rates,Ghana Statistical Service (GSS StatsBank),2026-04-20,2014M06,27.8,..,24.1,18.0,5.5,24.1
Ghana Interest Rates,Ghana Statistical Service (GSS StatsBank),2026-04-20,2014M05,27.8,..,22.7,18.0,5.5,24.1
Ghana Interest Rates,Ghana Statistical Service (GSS StatsBank),2026-04-20,2014M04,27.0,..,18.7,18.0,5.5,24.0
Ghana Interest Rates,Ghana Statistical Service (GSS StatsBank),2026-04-20,2014M03,25.6,..,17.9,18.0,5.5,22.9
Ghana Interest Rates,Ghana Statistical Service (GSS StatsBank),2026-04-20,2014M02,25.6,..,17.2,18.0,5.8,20.4
Ghana Interest Rates,Ghana Statistical Service (GSS StatsBank),2026-04-20,2014M01,25.6,..,16.3,16.0,5.8,19.5
Ghana Interest Rates,Ghana Statistical Service (GSS StatsBank),2026-04-20,2013M12,25.6,..,16.3,16.0,5.8,18.9
Ghana Interest Rates,Ghana Statistical Service (GSS StatsBank),2026-04-20,2013M11,25.6,..,16.6,16.0,5.8,19.2
Ghana Interest Rates,Ghana Statistical Service (GSS StatsBank),2026-04-20,2013M10,25.6,..,17.0,16.0,5.8,20.3
Ghana Interest Rates,Ghana Statistical Service (GSS StatsBank),2026-04-20,2013M09,27.4,..,17.1,16.0,5.8,21.6
Ghana Interest Rates,Ghana Statistical Service (GSS StatsBank),2026-04-20,2013M08,27.4,..,17.0,16.0,5.8,22.9
Ghana Interest Rates,Ghana Statistical Service (GSS StatsBank),2026-04-20,2013M07,27.4,..,17.1,16.0,5.0,23.1
Ghana Interest Rates,Ghana Statistical Service (GSS StatsBank),2026-04-20,2013M06,27.4,..,17.0,16.0,5.0,23.1
Ghana Interest Rates,Ghana Statistical Service (GSS StatsBank),2026-04-20,2013M05,27.1,..,16.8,16.0,5.0,23.0
Ghana Interest Rates,Ghana Statistical Service (GSS StatsBank),2026-04-20,2013M04,27.1,..,16.9,16.0,5.0,23.0
Ghana Interest Rates,Ghana Statistical Service (GSS StatsBank),2026-04-20,2013M03,27.1,..,19.4,15.0,5.0,22.8
Ghana Interest Rates,Ghana Statistical Service (GSS StatsBank),2026-04-20,2013M02,25.7,..,19.3,15.0,5.3,23.0
Ghana Interest Rates,Ghana Statistical Service (GSS StatsBank),2026-04-20,2013M01,25.7,..,18.7,15.0,5.3,22.9
Ghana Interest Rates,Ghana Statistical Service (GSS StatsBank),2026-04-20,2012M12,25.7,..,17.1,15.0,5.3,22.9
Ghana Interest Rates,Ghana Statistical Service (GSS StatsBank),2026-04-20,2012M11,25.7,..,18.6,15.0,5.3,22.3
Ghana Interest Rates,Ghana Statistical Service (GSS StatsBank),2026-04-20,2012M10,25.7,..,18.3,15.0,5.3,23.1
Ghana Interest Rates,Ghana Statistical Service (GSS StatsBank),2026-04-20,2012M09,25.7,..,17.2,15.0,5.3,23.0
Ghana Interest Rates,Ghana Statistical Service (GSS StatsBank),2026-04-20,2012M08,24.5,..,16.8,15.0,5.1,22.9
Ghana Interest Rates,Ghana Statistical Service (GSS StatsBank),2026-04-20,2012M07,24.7,..,17.2,15.0,5.1,22.6
Ghana Interest Rates,Ghana Statistical Service (GSS StatsBank),2026-04-20,2012M06,24.7,..,15.1,15.0,5.5,21.3
Ghana Interest Rates,Ghana Statistical Service (GSS StatsBank),2026-04-20,2012M05,25.9,..,12.8,14.5,5.5,16.9
Ghana Interest Rates,Ghana Statistical Service (GSS StatsBank),2026-04-20,2012M04,25.9,..,12.7,14.5,4.1,14.0
Ghana Interest Rates,Ghana Statistical Service (GSS StatsBank),2026-04-20,2012M03,25.9,..,11.2,13.5,4.1,12.3
Ghana Interest Rates,Ghana Statistical Service (GSS StatsBank),2026-04-20,2012M02,25.9,..,9.7,13.5,4.1,11.3
Ghana Interest Rates,Ghana Statistical Service (GSS StatsBank),2026-04-20,2012M01,25.9,..,6.3,12.5,4.1,10.8
Ghana Interest Rates,Ghana Statistical Service (GSS StatsBank),2026-04-20,2011M12,25.9,..,6.6,12.5,4.1,10.5
Ghana Interest Rates,Ghana Statistical Service (GSS StatsBank),2026-04-20,2011M11,25.9,..,9.4,12.5,4.1,9.7
Ghana Interest Rates,Ghana Statistical Service (GSS StatsBank),2026-04-20,2011M10,27.0,..,10.5,12.5,4.4,9.4
Ghana Interest Rates,Ghana Statistical Service (GSS StatsBank),2026-04-20,2011M09,27.0,..,10.6,12.5,4.4,9.6
Ghana Interest Rates,Ghana Statistical Service (GSS StatsBank),2026-04-20,2011M08,27.0,..,10.5,12.5,4.4,9.8
Ghana Interest Rates,Ghana Statistical Service (GSS StatsBank),2026-04-20,2011M07,27.0,..,11.4,12.5,4.4,10.6
Ghana Interest Rates,Ghana Statistical Service (GSS StatsBank),2026-04-20,2011M06,27.0,..,11.6,13.0,4.4,10.7
Ghana Interest Rates,Ghana Statistical Service (GSS StatsBank),2026-04-20,2011M05,27.5,..,11.6,13.0,6.4,11.2
Ghana Interest Rates,Ghana Statistical Service (GSS StatsBank),2026-04-20,2011M04,27.5,..,11.6,13.5,6.5,11.8
Ghana Interest Rates,Ghana Statistical Service (GSS StatsBank),2026-04-20,2011M03,27.5,..,11.6,13.5,6.5,11.8
Ghana Interest Rates,Ghana Statistical Service (GSS StatsBank),2026-04-20,2011M02,27.6,..,11.6,13.5,6.8,11.8
Ghana Interest Rates,Ghana Statistical Service (GSS StatsBank),2026-04-20,2011M01,27.6,..,11.7,13.5,6.0,11.8
Ghana Interest Rates,Ghana Statistical Service (GSS StatsBank),2026-04-20,2010M12,27.6,..,11.6,13.5,5.9,12.3
Ghana Interest Rates,Ghana Statistical Service (GSS StatsBank),2026-04-20,2010M11,27.6,..,11.7,13.5,5.9,12.3
Ghana Interest Rates,Ghana Statistical Service (GSS StatsBank),2026-04-20,2010M10,27.6,..,11.9,13.5,6.8,12.4
Ghana Interest Rates,Ghana Statistical Service (GSS StatsBank),2026-04-20,2010M09,27.6,..,12.2,13.5,6.8,12.6
Ghana Interest Rates,Ghana Statistical Service (GSS StatsBank),2026-04-20,2010M08,28.5,..,12.6,13.5,6.8,12.7
Ghana Interest Rates,Ghana Statistical Service (GSS StatsBank),2026-04-20,2010M07,28.5,..,13.1,13.5,6.8,12.8
Ghana Interest Rates,Ghana Statistical Service (GSS StatsBank),2026-04-20,2010M06,30.6,..,13.4,15.0,7.2,12.9
Ghana Interest Rates,Ghana Statistical Service (GSS StatsBank),2026-04-20,2010M05,31.8,..,14.1,15.0,9.0,13.1
Ghana Interest Rates,Ghana Statistical Service (GSS StatsBank),2026-04-20,2010M04,31.8,..,14.7,15.0,10.0,13.7
Ghana Interest Rates,Ghana Statistical Service (GSS StatsBank),2026-04-20,2010M03,31.8,..,15.1,16.0,10.0,15.5
Ghana Interest Rates,Ghana Statistical Service (GSS StatsBank),2026-04-20,2010M02,32.4,..,16.1,16.0,10.0,17.8
Ghana Interest Rates,Ghana Statistical Service (GSS StatsBank),2026-04-20,2010M01,32.8,..,16.1,18.0,10.0,20.1
Ghana Interest Rates,Ghana Statistical Service (GSS StatsBank),2026-04-20,2009M12,32.8,..,16.5,18.0,10.0,23.7
Ghana Interest Rates,Ghana Statistical Service (GSS StatsBank),2026-04-20,2009M11,32.8,..,18.3,18.0,10.0,25.5
Ghana Interest Rates,Ghana Statistical Service (GSS StatsBank),2026-04-20,2009M10,32.8,..,22.0,18.5,10.0,26.6
Ghana Interest Rates,Ghana Statistical Service (GSS StatsBank),2026-04-20,2009M09,32.8,..,22.8,18.5,9.5,25.9
Ghana Interest Rates,Ghana Statistical Service (GSS StatsBank),2026-04-20,2009M08,32.8,..,22.7,18.5,9.5,25.9
Ghana Interest Rates,Ghana Statistical Service (GSS StatsBank),2026-04-20,2009M07,32.8,..,22.6,18.5,9.5,25.8
Ghana Interest Rates,Ghana Statistical Service (GSS StatsBank),2026-04-20,2009M06,32.8,..,22.5,18.5,8.5,25.8
Ghana Interest Rates,Ghana Statistical Service (GSS StatsBank),2026-04-20,2009M05,32.8,..,22.3,18.5,8.5,25.7
Ghana Interest Rates,Ghana Statistical Service (GSS StatsBank),2026-04-20,2009M04,32.8,..,22.0,18.5,8.5,25.3
Ghana Interest Rates,Ghana Statistical Service (GSS StatsBank),2026-04-20,2009M03,31.3,..,21.2,18.5,9.0,24.7
Ghana Interest Rates,Ghana Statistical Service (GSS StatsBank),2026-04-20,2009M02,29.8,..,20.0,18.5,8.0,24.7
Ghana Interest Rates,Ghana Statistical Service (GSS StatsBank),2026-04-20,2009M01,27.3,..,19.4,17.0,9.0,24.7
Ghana Interest Rates,Ghana Statistical Service (GSS StatsBank),2026-04-20,2008M12,27.3,..,19.0,17.0,9.0,24.7
Ghana Interest Rates,Ghana Statistical Service (GSS StatsBank),2026-04-20,2008M11,24.5,..,20.1,17.0,7.0,24.7
Ghana Interest Rates,Ghana Statistical Service (GSS StatsBank),2026-04-20,2008M10,24.5,..,19.9,17.0,7.0,24.6
Ghana Interest Rates,Ghana Statistical Service (GSS StatsBank),2026-04-20,2008M09,24.5,..,19.1,17.0,7.0,24.6
Ghana Interest Rates,Ghana Statistical Service (GSS StatsBank),2026-04-20,2008M08,23.8,..,17.4,17.0,6.2,22.9
Ghana Interest Rates,Ghana Statistical Service (GSS StatsBank),2026-04-20,2008M07,23.8,..,15.5,17.0,5.4,18.3
Ghana Interest Rates,Ghana Statistical Service (GSS StatsBank),2026-04-20,2008M06,23.8,..,14.6,16.0,5.2,15.6
Ghana Interest Rates,Ghana Statistical Service (GSS StatsBank),2026-04-20,2008M05,23.8,..,13.2,16.0,4.5,13.2
Ghana Interest Rates,Ghana Statistical Service (GSS StatsBank),2026-04-20,2008M04,23.8,..,12.6,14.3,4.5,11.4
Ghana Interest Rates,Ghana Statistical Service (GSS StatsBank),2026-04-20,2008M03,23.8,..,12.2,14.3,4.5,10.9
Ghana Interest Rates,Ghana Statistical Service (GSS StatsBank),2026-04-20,2008M02,23.8,..,12.0,13.5,4.5,10.8
Ghana Interest Rates,Ghana Statistical Service (GSS StatsBank),2026-04-20,2008M01,23.8,..,12.2,13.5,4.5,10.7
Ghana Interest Rates,Ghana Statistical Service (GSS StatsBank),2026-04-20,2007M12,23.8,..,12.0,13.5,4.5,10.6
Ghana Interest Rates,Ghana Statistical Service (GSS StatsBank),2026-04-20,2007M11,23.8,..,12.3,13.5,4.5,10.6
Ghana Interest Rates,Ghana Statistical Service (GSS StatsBank),2026-04-20,2007M10,24.3,..,12.4,12.5,4.5,10.3
Ghana Interest Rates,Ghana Statistical Service (GSS StatsBank),2026-04-20,2007M09,24.3,..,12.2,12.5,4.5,9.8
Ghana Interest Rates,Ghana Statistical Service (GSS StatsBank),2026-04-20,2007M08,24.3,..,11.7,12.5,4.5,9.8
Ghana Interest Rates,Ghana Statistical Service (GSS StatsBank),2026-04-20,2007M07,24.3,..,12.3,12.5,4.5,9.7
Ghana Interest Rates,Ghana Statistical Service (GSS StatsBank),2026-04-20,2007M06,24.3,..,12.4,12.5,4.8,9.6
Ghana Interest Rates,Ghana Statistical Service (GSS StatsBank),2026-04-20,2007M05,24.3,..,12.4,12.5,4.8,9.6
Ghana Interest Rates,Ghana Statistical Service (GSS StatsBank),2026-04-20,2007M04,24.3,..,12.6,12.5,4.8,9.6
Ghana Interest Rates,Ghana Statistical Service (GSS StatsBank),2026-04-20,2007M03,24.3,..,11.4,12.5,4.8,9.6
Ghana Interest Rates,Ghana Statistical Service (GSS StatsBank),2026-04-20,2007M02,24.3,..,10.6,12.5,4.8,9.7
Ghana Interest Rates,Ghana Statistical Service (GSS StatsBank),2026-04-20,2007M01,24.3,..,11.8,12.5,4.8,9.9
Ghana Interest Rates,Ghana Statistical Service (GSS StatsBank),2026-04-20,2006M12,26.0,..,12.6,12.5,4.8,10.2
Ghana Interest Rates,Ghana Statistical Service (GSS StatsBank),2026-04-20,2006M11,26.0,..,12.6,14.5,5.0,10.3
Ghana Interest Rates,Ghana Statistical Service (GSS StatsBank),2026-04-20,2006M10,24.3,..,12.5,14.5,5.8,10.3
Ghana Interest Rates,Ghana Statistical Service (GSS StatsBank),2026-04-20,2006M09,24.3,..,12.1,14.5,5.8,10.3
Ghana Interest Rates,Ghana Statistical Service (GSS StatsBank),2026-04-20,2006M08,26.0,..,11.4,14.5,6.4,10.3
Ghana Interest Rates,Ghana Statistical Service (GSS StatsBank),2026-04-20,2006M07,26.0,..,10.8,14.5,6.4,10.1
Ghana Interest Rates,Ghana Statistical Service (GSS StatsBank),2026-04-20,2006M06,26.0,..,10.3,14.5,6.4,9.9
Ghana Interest Rates,Ghana Statistical Service (GSS StatsBank),2026-04-20,2006M05,26.0,..,9.4,14.5,6.4,9.6
Ghana Interest Rates,Ghana Statistical Service (GSS StatsBank),2026-04-20,2006M04,26.0,..,8.6,14.5,6.4,9.7
Ghana Interest Rates,Ghana Statistical Service (GSS StatsBank),2026-04-20,2006M03,26.0,..,8.4,14.5,6.4,9.8
Ghana Interest Rates,Ghana Statistical Service (GSS StatsBank),2026-04-20,2006M02,26.0,..,8.6,14.5,6.4,10.7
Ghana Interest Rates,Ghana Statistical Service (GSS StatsBank),2026-04-20,2006M01,26.0,..,10.3,14.5,6.4,11.4
Ghana Interest Rates,Ghana Statistical Service (GSS StatsBank),2026-04-20,2005M12,..,..,10.2,15.5,6.4,11.8
Ghana Interest Rates,Ghana Statistical Service (GSS StatsBank),2026-04-20,2005M11,..,..,11.9,15.5,6.4,12.6
Ghana Interest Rates,Ghana Statistical Service (GSS StatsBank),2026-04-20,2005M10,..,..,13.4,15.5,7.4,13.3
Ghana Interest Rates,Ghana Statistical Service (GSS StatsBank),2026-04-20,2005M09,..,..,13.9,15.5,7.5,13.9
Ghana Interest Rates,Ghana Statistical Service (GSS StatsBank),2026-04-20,2005M08,..,..,14.2,16.5,9.0,15.3
Ghana Interest Rates,Ghana Statistical Service (GSS StatsBank),2026-04-20,2005M07,..,..,15.3,16.5,9.0,15.8
Ghana Interest Rates,Ghana Statistical Service (GSS StatsBank),2026-04-20,2005M06,..,..,15.8,16.5,9.0,16.5
Ghana Interest Rates,Ghana Statistical Service (GSS StatsBank),2026-04-20,2005M05,..,..,16.3,16.5,9.0,17.3
Ghana Interest Rates,Ghana Statistical Service (GSS StatsBank),2026-04-20,2005M04,..,..,16.3,18.5,9.0,17.2
Ghana Interest Rates,Ghana Statistical Service (GSS StatsBank),2026-04-20,2005M03,..,..,16.2,18.5,9.0,17.2
Ghana Interest Rates,Ghana Statistical Service (GSS StatsBank),2026-04-20,2005M02,..,..,16.2,18.5,9.0,17.2
Ghana Interest Rates,Ghana Statistical Service (GSS StatsBank),2026-04-20,2005M01,..,..,16.2,18.5,9.5,17.1
Ghana Interest Rates,Ghana Statistical Service (GSS StatsBank),2026-04-20,2004M12,..,..,16.2,18.5,9.5,17.1
Ghana Interest Rates,Ghana Statistical Service (GSS StatsBank),2026-04-20,2004M11,..,..,16.2,18.5,9.5,17.1
Ghana Interest Rates,Ghana Statistical Service (GSS StatsBank),2026-04-20,2004M10,..,..,16.1,18.5,9.5,17.1
Ghana Interest Rates,Ghana Statistical Service (GSS StatsBank),2026-04-20,2004M09,..,..,15.9,18.5,9.5,17.0
Ghana Interest Rates,Ghana Statistical Service (GSS StatsBank),2026-04-20,2004M08,..,..,15.7,18.5,9.5,17.0
Ghana Interest Rates,Ghana Statistical Service (GSS StatsBank),2026-04-20,2004M07,..,..,15.4,18.5,9.5,16.9
Ghana Interest Rates,Ghana Statistical Service (GSS StatsBank),2026-04-20,2004M06,..,..,15.2,18.5,9.5,17.0
Ghana Interest Rates,Ghana Statistical Service (GSS StatsBank),2026-04-20,2004M05,..,..,15.2,18.5,9.5,17.2
Ghana Interest Rates,Ghana Statistical Service (GSS StatsBank),2026-04-20,2004M04,..,..,15.5,20.0,9.5,18.2
Ghana Interest Rates,Ghana Statistical Service (GSS StatsBank),2026-04-20,2004M03,..,..,15.1,20.0,9.5,18.1
Ghana Interest Rates,Ghana Statistical Service (GSS StatsBank),2026-04-20,2004M02,..,..,15.8,20.0,9.5,17.5
Ghana Interest Rates,Ghana Statistical Service (GSS StatsBank),2026-04-20,2004M01,..,..,16.6,21.5,9.5,17.3
Ghana Interest Rates,Ghana Statistical Service (GSS StatsBank),2026-04-20,2003M12,..,..,17.7,21.5,9.8,19.0
Ghana Interest Rates,Ghana Statistical Service (GSS StatsBank),2026-04-20,2003M11,..,..,22.0,24.0,12.2,24.0
Ghana Interest Rates,Ghana Statistical Service (GSS StatsBank),2026-04-20,2003M10,..,..,24.3,24.0,11.8,25.7
Ghana Interest Rates,Ghana Statistical Service (GSS StatsBank),2026-04-20,2003M09,..,..,25.2,26.0,11.8,25.3
Ghana Interest Rates,Ghana Statistical Service (GSS StatsBank),2026-04-20,2003M08,..,..,25.7,26.0,11.8,31.3
Ghana Interest Rates,Ghana Statistical Service (GSS StatsBank),2026-04-20,2003M07,..,..,27.1,26.0,11.8,36.0
Ghana Interest Rates,Ghana Statistical Service (GSS StatsBank),2026-04-20,2003M06,..,..,27.2,27.5,11.0,34.4
Ghana Interest Rates,Ghana Statistical Service (GSS StatsBank),2026-04-20,2003M05,..,..,27.0,27.5,11.0,33.1
Ghana Interest Rates,Ghana Statistical Service (GSS StatsBank),2026-04-20,2003M04,..,..,26.2,27.5,10.5,31.9
Ghana Interest Rates,Ghana Statistical Service (GSS StatsBank),2026-04-20,2003M03,..,..,23.8,27.5,10.5,27.9
Ghana Interest Rates,Ghana Statistical Service (GSS StatsBank),2026-04-20,2003M02,..,..,23.2,25.5,10.5,27.0
Ghana Interest Rates,Ghana Statistical Service (GSS StatsBank),2026-04-20,2003M01,..,..,21.5,25.5,10.5,26.7
Ghana Interest Rates,Ghana Statistical Service (GSS StatsBank),2026-04-20,2002M12,..,..,20.0,24.5,13.0,26.3
Ghana Interest Rates,Ghana Statistical Service (GSS StatsBank),2026-04-20,2002M11,..,..,18.5,24.5,10.5,26.1
Ghana Interest Rates,Ghana Statistical Service (GSS StatsBank),2026-04-20,2002M10,..,..,21.0,24.5,9.5,26.1
Ghana Interest Rates,Ghana Statistical Service (GSS StatsBank),2026-04-20,2002M09,..,..,23.4,24.5,9.5,26.1
Ghana Interest Rates,Ghana Statistical Service (GSS StatsBank),2026-04-20,2002M08,..,..,22.8,24.5,9.5,25.7
Ghana Interest Rates,Ghana Statistical Service (GSS StatsBank),2026-04-20,2002M07,..,..,20.6,24.5,10.9,25.1
Ghana Interest Rates,Ghana Statistical Service (GSS StatsBank),2026-04-20,2002M06,..,..,23.1,24.5,10.9,24.2
Ghana Interest Rates,Ghana Statistical Service (GSS StatsBank),2026-04-20,2002M05,..,..,24.3,24.5,10.9,23.8
Ghana Interest Rates,Ghana Statistical Service (GSS StatsBank),2026-04-20,2002M04,..,..,23.0,24.5,10.9,23.7
Ghana Interest Rates,Ghana Statistical Service (GSS StatsBank),2026-04-20,2002M03,..,..,20.3,24.5,12.0,23.3
Ghana Interest Rates,Ghana Statistical Service (GSS StatsBank),2026-04-20,2002M02,..,..,19.8,27.0,12.5,23.7
Ghana Interest Rates,Ghana Statistical Service (GSS StatsBank),2026-04-20,2002M01,..,..,26.2,27.0,13.5,27.5
Ghana Interest Rates,Ghana Statistical Service (GSS StatsBank),2026-04-20,2001M12,..,..,38.2,27.0,14.5,30.1
Ghana Interest Rates,Ghana Statistical Service (GSS StatsBank),2026-04-20,2001M11,..,..,29.2,27.0,14.5,33.1
Ghana Interest Rates,Ghana Statistical Service (GSS StatsBank),2026-04-20,2001M10,..,..,33.9,27.0,15.5,34.8
Ghana Interest Rates,Ghana Statistical Service (GSS StatsBank),2026-04-20,2001M09,..,..,37.5,27.0,18.0,38.8
Ghana Interest Rates,Ghana Statistical Service (GSS StatsBank),2026-04-20,2001M08,..,..,39.2,27.0,18.0,42.9
Ghana Interest Rates,Ghana Statistical Service (GSS StatsBank),2026-04-20,2001M07,..,..,41.9,27.0,18.0,46.7
Ghana Interest Rates,Ghana Statistical Service (GSS StatsBank),2026-04-20,2001M06,..,..,41.6,27.0,18.0,46.7
Ghana Interest Rates,Ghana Statistical Service (GSS StatsBank),2026-04-20,2001M05,..,..,41.5,27.0,18.0,46.3
Ghana Interest Rates,Ghana Statistical Service (GSS StatsBank),2026-04-20,2001M04,..,..,41.5,27.0,18.0,45.0
Ghana Interest Rates,Ghana Statistical Service (GSS StatsBank),2026-04-20,2001M03,..,..,40.0,27.0,18.0,43.4
Ghana Interest Rates,Ghana Statistical Service (GSS StatsBank),2026-04-20,2001M02,..,..,40.4,27.0,18.0,42.0
Ghana Interest Rates,Ghana Statistical Service (GSS StatsBank),2026-04-20,2001M01,..,..,42.6,27.0,18.0,42.0
Ghana Interest Rates,Ghana Statistical Service (GSS StatsBank),2026-04-20,2000M12,..,..,37.3,27.0,18.0,42.0
Ghana Interest Rates,Ghana Statistical Service (GSS StatsBank),2026-04-20,2000M11,..,..,42.1,27.0,18.0,41.9
Ghana Interest Rates,Ghana Statistical Service (GSS StatsBank),2026-04-20,2000M10,..,..,42.2,27.0,18.0,41.8
Ghana Interest Rates,Ghana Statistical Service (GSS StatsBank),2026-04-20,2000M09,..,..,42.6,27.0,18.0,41.9
Ghana Interest Rates,Ghana Statistical Service (GSS StatsBank),2026-04-20,2000M08,..,..,46.0,27.0,18.0,45.1
Ghana Interest Rates,Ghana Statistical Service (GSS StatsBank),2026-04-20,2000M07,..,..,39.9,27.0,18.5,45.2
Ghana Interest Rates,Ghana Statistical Service (GSS StatsBank),2026-04-20,2000M06,..,..,34.4,27.0,14.0,39.6
Ghana Interest Rates,Ghana Statistical Service (GSS StatsBank),2026-04-20,2000M05,..,..,34.3,27.0,13.5,34.5
Ghana Interest Rates,Ghana Statistical Service (GSS StatsBank),2026-04-20,2000M04,..,..,32.6,27.0,13.5,34.2
Ghana Interest Rates,Ghana Statistical Service (GSS StatsBank),2026-04-20,2000M03,..,..,31.3,27.0,13.5,34.2
Ghana Interest Rates,Ghana Statistical Service (GSS StatsBank),2026-04-20,2000M02,..,..,30.1,27.0,13.5,34.2
Ghana Interest Rates,Ghana Statistical Service (GSS StatsBank),2026-04-20,2000M01,..,..,29.6,27.0,13.5,34.2
Ghana Interest Rates,Ghana Statistical Service (GSS StatsBank),2026-04-20,1999M12,..,..,..,27.0,13.0,34.2
Ghana Interest Rates,Ghana Statistical Service (GSS StatsBank),2026-04-20,1999M11,..,..,..,27.0,14.5,33.3
Ghana Interest Rates,Ghana Statistical Service (GSS StatsBank),2026-04-20,1999M10,..,..,..,27.0,10.5,27.9
Ghana Interest Rates,Ghana Statistical Service (GSS StatsBank),2026-04-20,1999M09,..,..,..,27.0,13.5,26.3
Ghana Interest Rates,Ghana Statistical Service (GSS StatsBank),2026-04-20,1999M08,..,..,..,27.0,13.5,26.1
Ghana Interest Rates,Ghana Statistical Service (GSS StatsBank),2026-04-20,1999M07,..,..,..,27.0,15.8,26.1
Ghana Interest Rates,Ghana Statistical Service (GSS StatsBank),2026-04-20,1999M06,..,..,..,27.0,15.8,26.0
Ghana Interest Rates,Ghana Statistical Service (GSS StatsBank),2026-04-20,1999M05,..,..,..,27.0,16.0,26.7
Ghana Interest Rates,Ghana Statistical Service (GSS StatsBank),2026-04-20,1999M04,..,..,..,27.0,17.0,27.5
Ghana Interest Rates,Ghana Statistical Service (GSS StatsBank),2026-04-20,1999M03,..,..,..,32.0,17.0,27.6
Ghana Interest Rates,Ghana Statistical Service (GSS StatsBank),2026-04-20,1999M02,..,..,..,32.0,16.5,27.6
Ghana Interest Rates,Ghana Statistical Service (GSS StatsBank),2026-04-20,1999M01,..,..,..,32.0,16.5,27.8
Ghana Interest Rates,Ghana Statistical Service (GSS StatsBank),2026-04-20,1998M12,..,..,..,37.0,16.5,28.7
Ghana Interest Rates,Ghana Statistical Service (GSS StatsBank),2026-04-20,1998M11,..,..,..,37.0,16.5,28.9
Ghana Interest Rates,Ghana Statistical Service (GSS StatsBank),2026-04-20,1998M10,..,..,..,42.0,19.5,29.9
Ghana Interest Rates,Ghana Statistical Service (GSS StatsBank),2026-04-20,1998M09,..,..,..,42.0,22.0,34.0
Ghana Interest Rates,Ghana Statistical Service (GSS StatsBank),2026-04-20,1998M08,..,..,..,45.0,23.5,36.6
Ghana Interest Rates,Ghana Statistical Service (GSS StatsBank),2026-04-20,1998M07,..,..,..,45.0,23.5,36.6
Ghana Interest Rates,Ghana Statistical Service (GSS StatsBank),2026-04-20,1998M06,..,..,..,45.0,24.0,37.7
Ghana Interest Rates,Ghana Statistical Service (GSS StatsBank),2026-04-20,1998M05,..,..,..,45.0,27.2,43.8
Ghana Interest Rates,Ghana Statistical Service (GSS StatsBank),2026-04-20,1998M04,..,..,..,45.0,27.2,43.8
Ghana Interest Rates,Ghana Statistical Service (GSS StatsBank),2026-04-20,1998M03,..,..,..,45.0,27.2,43.8
Ghana Interest Rates,Ghana Statistical Service (GSS StatsBank),2026-04-20,1998M02,..,..,..,45.0,27.2,44.0
Ghana Interest Rates,Ghana Statistical Service (GSS StatsBank),2026-04-20,1998M01,..,..,..,45.0,27.2,47.0
Ghana Interest Rates,Ghana Statistical Service (GSS StatsBank),2026-04-20,1997M12,..,..,..,45.0,27.7,47.9
Ghana Interest Rates,Ghana Statistical Service (GSS StatsBank),2026-04-20,1997M11,..,..,..,45.0,27.5,47.9
Ghana Interest Rates,Ghana Statistical Service (GSS StatsBank),2026-04-20,1997M10,..,..,..,45.0,27.5,47.9
Ghana Interest Rates,Ghana Statistical Service (GSS StatsBank),2026-04-20,1997M09,..,..,..,45.0,27.5,47.9
Ghana Interest Rates,Ghana Statistical Service (GSS StatsBank),2026-04-20,1997M08,..,..,..,45.0,27.5,47.9
Ghana Interest Rates,Ghana Statistical Service (GSS StatsBank),2026-04-20,1997M07,..,..,..,45.0,27.4,47.9
Ghana Interest Rates,Ghana Statistical Service (GSS StatsBank),2026-04-20,1997M06,..,..,..,45.0,27.5,47.9
Ghana Interest Rates,Ghana Statistical Service (GSS StatsBank),2026-04-20,1997M05,..,..,..,45.0,27.5,47.9
Ghana Interest Rates,Ghana Statistical Service (GSS StatsBank),2026-04-20,1997M04,..,..,..,45.0,27.5,47.9
Ghana Interest Rates,Ghana Statistical Service (GSS StatsBank),2026-04-20,1997M03,..,..,..,45.0,27.5,47.9
Ghana Interest Rates,Ghana Statistical Service (GSS StatsBank),2026-04-20,1997M02,..,..,..,45.0,27.5,47.9
Ghana Interest Rates,Ghana Statistical Service (GSS StatsBank),2026-04-20,1997M01,..,..,..,45.0,27.2,47.9
Ghana Interest Rates,Ghana Statistical Service (GSS StatsBank),2026-04-20,1996M12,..,..,..,45.0,27.2,47.9
Ghana Interest Rates,Ghana Statistical Service (GSS StatsBank),2026-04-20,1996M11,..,..,..,45.0,27.2,47.8
Ghana Interest Rates,Ghana Statistical Service (GSS StatsBank),2026-04-20,1996M10,..,..,..,45.0,27.2,47.7
Ghana Interest Rates,Ghana Statistical Service (GSS StatsBank),2026-04-20,1996M09,..,..,..,45.0,27.5,47.2
Ghana Interest Rates,Ghana Statistical Service (GSS StatsBank),2026-04-20,1996M08,..,..,..,45.0,27.5,46.8
Ghana Interest Rates,Ghana Statistical Service (GSS StatsBank),2026-04-20,1996M07,..,..,..,45.0,27.5,46.5
Ghana Interest Rates,Ghana Statistical Service (GSS StatsBank),2026-04-20,1996M06,..,..,..,45.0,27.5,45.8
Ghana Interest Rates,Ghana Statistical Service (GSS StatsBank),2026-04-20,1996M05,..,..,..,45.0,27.7,45.7
Ghana Interest Rates,Ghana Statistical Service (GSS StatsBank),2026-04-20,1996M04,..,..,..,45.0,27.7,45.7
Ghana Interest Rates,Ghana Statistical Service (GSS StatsBank),2026-04-20,1996M03,..,..,..,45.0,27.7,45.4
Ghana Interest Rates,Ghana Statistical Service (GSS StatsBank),2026-04-20,1996M02,..,..,..,45.0,27.7,45.1
Ghana Interest Rates,Ghana Statistical Service (GSS StatsBank),2026-04-20,1996M01,..,..,..,45.0,27.6,45.1
Ghana Interest Rates,Ghana Statistical Service (GSS StatsBank),2026-04-20,1995M12,..,..,..,45.0,25.8,45.1
Ghana Interest Rates,Ghana Statistical Service (GSS StatsBank),2026-04-20,1995M11,..,..,..,45.0,25.8,45.1
Ghana Interest Rates,Ghana Statistical Service (GSS StatsBank),2026-04-20,1995M10,..,..,..,45.0,24.7,45.0
Ghana Interest Rates,Ghana Statistical Service (GSS StatsBank),2026-04-20,1995M09,..,..,..,45.0,21.7,38.2
Ghana Interest Rates,Ghana Statistical Service (GSS StatsBank),2026-04-20,1995M08,..,..,..,39.0,21.7,36.0
Ghana Interest Rates,Ghana Statistical Service (GSS StatsBank),2026-04-20,1995M07,..,..,..,39.0,21.7,36.0
Ghana Interest Rates,Ghana Statistical Service (GSS StatsBank),2026-04-20,1995M06,..,..,..,39.0,21.7,36.0
Ghana Interest Rates,Ghana Statistical Service (GSS StatsBank),2026-04-20,1995M05,..,..,..,39.0,21.4,36.0
Ghana Interest Rates,Ghana Statistical Service (GSS StatsBank),2026-04-20,1995M04,..,..,..,39.0,21.4,36.0
Ghana Interest Rates,Ghana Statistical Service (GSS StatsBank),2026-04-20,1995M03,..,..,..,39.0,21.3,36.0
Ghana Interest Rates,Ghana Statistical Service (GSS StatsBank),2026-04-20,1995M02,..,..,..,39.0,20.0,36.0
Ghana Interest Rates,Ghana Statistical Service (GSS StatsBank),2026-04-20,1995M01,..,..,..,39.0,19.2,33.5
Ghana Interest Rates,Ghana Statistical Service (GSS StatsBank),2026-04-20,1994M12,..,..,..,35.0,..,31.8
Ghana Interest Rates,Ghana Statistical Service (GSS StatsBank),2026-04-20,1994M11,..,..,..,35.0,..,31.7
Ghana Interest Rates,Ghana Statistical Service (GSS StatsBank),2026-04-20,1994M10,..,..,..,35.0,..,31.3
Ghana Interest Rates,Ghana Statistical Service (GSS StatsBank),2026-04-20,1994M09,..,..,..,35.0,..,29.9
Ghana Interest Rates,Ghana Statistical Service (GSS StatsBank),2026-04-20,1994M08,..,..,..,35.0,..,29.0
Ghana Interest Rates,Ghana Statistical Service (GSS StatsBank),2026-04-20,1994M07,..,..,..,35.0,..,28.9
Ghana Interest Rates,Ghana Statistical Service (GSS StatsBank),2026-04-20,1994M06,..,..,..,35.0,..,28.9
Ghana Interest Rates,Ghana Statistical Service (GSS StatsBank),2026-04-20,1994M05,..,..,..,35.0,..,28.9
Ghana Interest Rates,Ghana Statistical Service (GSS StatsBank),2026-04-20,1994M04,..,..,..,35.0,..,28.9
Ghana Interest Rates,Ghana Statistical Service (GSS StatsBank),2026-04-20,1994M03,..,..,..,35.0,..,28.9
Ghana Interest Rates,Ghana Statistical Service (GSS StatsBank),2026-04-20,1994M02,..,..,..,30.0,..,28.9
Ghana Interest Rates,Ghana Statistical Service (GSS StatsBank),2026-04-20,1994M01,..,..,..,30.0,..,32.4
Ghana Interest Rates,Ghana Statistical Service (GSS StatsBank),2026-04-20,1993M12,..,..,..,35.0,..,34.8
Ghana Interest Rates,Ghana Statistical Service (GSS StatsBank),2026-04-20,1993M11,..,..,..,35.0,..,34.8
Ghana Interest Rates,Ghana Statistical Service (GSS StatsBank),2026-04-20,1993M10,..,..,..,35.0,..,34.8
Ghana Interest Rates,Ghana Statistical Service (GSS StatsBank),2026-04-20,1993M09,..,..,..,35.0,..,34.8
Ghana Interest Rates,Ghana Statistical Service (GSS StatsBank),2026-04-20,1993M08,..,..,..,35.0,..,34.8
Ghana Interest Rates,Ghana Statistical Service (GSS StatsBank),2026-04-20,1993M07,..,..,..,35.0,..,34.8
Ghana Interest Rates,Ghana Statistical Service (GSS StatsBank),2026-04-20,1993M06,..,..,..,35.0,..,34.8
Ghana Interest Rates,Ghana Statistical Service (GSS StatsBank),2026-04-20,1993M05,..,..,..,35.0,..,34.8
Ghana Interest Rates,Ghana Statistical Service (GSS StatsBank),2026-04-20,1993M04,..,..,..,35.0,..,34.8
Ghana Interest Rates,Ghana Statistical Service (GSS StatsBank),2026-04-20,1993M03,..,..,..,35.0,..,32.5
Ghana Interest Rates,Ghana Statistical Service (GSS StatsBank),2026-04-20,1993M02,..,..,..,30.0,..,30.1
Ghana Interest Rates,Ghana Statistical Service (GSS StatsBank),2026-04-20,1993M01,..,..,..,30.0,..,30.1
Ghana Interest Rates,Ghana Statistical Service (GSS StatsBank),2026-04-20,1992M12,..,..,..,30.0,..,27.2
Ghana Interest Rates,Ghana Statistical Service (GSS StatsBank),2026-04-20,1992M11,..,..,..,26.0,..,23.9
Ghana Interest Rates,Ghana Statistical Service (GSS StatsBank),2026-04-20,1992M10,..,..,..,26.0,..,21.6
Ghana Interest Rates,Ghana Statistical Service (GSS StatsBank),2026-04-20,1992M09,..,..,..,26.0,..,20.5
Ghana Interest Rates,Ghana Statistical Service (GSS StatsBank),2026-04-20,1992M08,..,..,..,23.0,..,19.1
Ghana Interest Rates,Ghana Statistical Service (GSS StatsBank),2026-04-20,1992M07,..,..,..,20.0,..,18.7
Ghana Interest Rates,Ghana Statistical Service (GSS StatsBank),2026-04-20,1992M06,..,..,..,20.0,..,18.8
Ghana Interest Rates,Ghana Statistical Service (GSS StatsBank),2026-04-20,1992M05,..,..,..,20.0,..,18.8
Ghana Interest Rates,Ghana Statistical Service (GSS StatsBank),2026-04-20,1992M04,..,..,..,20.0,..,18.8
Ghana Interest Rates,Ghana Statistical Service (GSS StatsBank),2026-04-20,1992M03,..,..,..,20.0,..,18.8
Ghana Interest Rates,Ghana Statistical Service (GSS StatsBank),2026-04-20,1992M02,..,..,..,20.0,..,18.9
Ghana Interest Rates,Ghana Statistical Service (GSS StatsBank),2026-04-20,1992M01,..,..,..,20.0,..,18.9
Ghana Interest Rates,Ghana Statistical Service (GSS StatsBank),2026-04-20,1991M12,..,..,..,20.0,..,20.0
Ghana Interest Rates,Ghana Statistical Service (GSS StatsBank),2026-04-20,1991M11,..,..,..,25.0,..,24.0
Ghana Interest Rates,Ghana Statistical Service (GSS StatsBank),2026-04-20,1991M10,..,..,..,28.0,..,25.0
Ghana Interest Rates,Ghana Statistical Service (GSS StatsBank),2026-04-20,1991M09,..,..,..,32.0,..,30.0
Ghana Interest Rates,Ghana Statistical Service (GSS StatsBank),2026-04-20,1991M08,..,..,..,32.0,..,30.8
Ghana Interest Rates,Ghana Statistical Service (GSS StatsBank),2026-04-20,1991M07,..,..,..,35.0,..,32.0
Ghana Interest Rates,Ghana Statistical Service (GSS StatsBank),2026-04-20,1991M06,..,..,..,35.0,..,32.0
Ghana Interest Rates,Ghana Statistical Service (GSS StatsBank),2026-04-20,1991M05,..,..,..,35.0,..,32.0
Ghana Interest Rates,Ghana Statistical Service (GSS StatsBank),2026-04-20,1991M04,..,..,..,35.0,..,32.0
Ghana Interest Rates,Ghana Statistical Service (GSS StatsBank),2026-04-20,1991M03,..,..,..,35.0,..,32.0
Ghana Interest Rates,Ghana Statistical Service (GSS StatsBank),2026-04-20,1991M02,..,..,..,35.0,..,31.8
Ghana Interest Rates,Ghana Statistical Service (GSS StatsBank),2026-04-20,1991M01,..,..,..,35.0,..,30.2
Ghana Interest Rates,Ghana Statistical Service (GSS StatsBank),2026-04-20,1990M12,..,..,..,30.0,..,27.5
Ghana Interest Rates,Ghana Statistical Service (GSS StatsBank),2026-04-20,1990M11,..,..,..,30.0,..,24.5
Ghana Interest Rates,Ghana Statistical Service (GSS StatsBank),2026-04-20,1990M10,..,..,..,26.0,..,21.9
Ghana Interest Rates,Ghana Statistical Service (GSS StatsBank),2026-04-20,1990M09,..,..,..,26.0,..,21.7
Ghana Interest Rates,Ghana Statistical Service (GSS StatsBank),2026-04-20,1990M08,..,..,..,26.0,..,21.1
Ghana Interest Rates,Ghana Statistical Service (GSS StatsBank),2026-04-20,1990M07,..,..,..,26.0,..,21.0
Ghana Interest Rates,Ghana Statistical Service (GSS StatsBank),2026-04-20,1990M06,..,..,..,26.0,..,21.0
Ghana Interest Rates,Ghana Statistical Service (GSS StatsBank),2026-04-20,1990M05,..,..,..,26.0,..,21.0
Ghana Interest Rates,Ghana Statistical Service (GSS StatsBank),2026-04-20,1990M04,..,..,..,26.0,..,20.8
Ghana Interest Rates,Ghana Statistical Service (GSS StatsBank),2026-04-20,1990M03,..,..,..,26.0,..,20.6
Ghana Interest Rates,Ghana Statistical Service (GSS StatsBank),2026-04-20,1990M02,..,..,..,26.0,..,19.9
Ghana Interest Rates,Ghana Statistical Service (GSS StatsBank),2026-04-20,1990M01,..,..,..,26.0,..,19.8
Ghana Interest Rates,Ghana Statistical Service (GSS StatsBank),2026-04-20,1989M12,..,..,..,26.0,..,19.9
Ghana Interest Rates,Ghana Statistical Service (GSS StatsBank),2026-04-20,1989M11,..,..,..,26.0,..,19.9
Ghana Interest Rates,Ghana Statistical Service (GSS StatsBank),2026-04-20,1989M10,..,..,..,26.0,..,19.9
Ghana Interest Rates,Ghana Statistical Service (GSS StatsBank),2026-04-20,1989M09,..,..,..,26.0,..,19.9
Ghana Interest Rates,Ghana Statistical Service (GSS StatsBank),2026-04-20,1989M08,..,..,..,26.0,..,19.8
Ghana Interest Rates,Ghana Statistical Service (GSS StatsBank),2026-04-20,1989M07,..,..,..,26.0,..,19.8
Ghana Interest Rates,Ghana Statistical Service (GSS StatsBank),2026-04-20,1989M06,..,..,..,26.0,..,19.8
Ghana Interest Rates,Ghana Statistical Service (GSS StatsBank),2026-04-20,1989M05,..,..,..,26.0,..,19.8
Ghana Interest Rates,Ghana Statistical Service (GSS StatsBank),2026-04-20,1989M04,..,..,..,26.0,..,19.8
Ghana Interest Rates,Ghana Statistical Service (GSS StatsBank),2026-04-20,1989M03,..,..,..,26.0,..,19.8
Ghana Interest Rates,Ghana Statistical Service (GSS StatsBank),2026-04-20,1989M02,..,..,..,26.0,..,19.7
Ghana Interest Rates,Ghana Statistical Service (GSS StatsBank),2026-04-20,1989M01,..,..,..,26.0,..,19.8
Ghana Interest Rates,Ghana Statistical Service (GSS StatsBank),2026-04-20,1988M12,..,..,..,26.0,..,19.7
Ghana Interest Rates,Ghana Statistical Service (GSS StatsBank),2026-04-20,1988M11,..,..,..,26.0,..,19.7
Ghana Interest Rates,Ghana Statistical Service (GSS StatsBank),2026-04-20,1988M10,..,..,..,26.0,..,19.7
Ghana Interest Rates,Ghana Statistical Service (GSS StatsBank),2026-04-20,1988M09,..,..,..,26.0,..,19.7
Ghana Interest Rates,Ghana Statistical Service (GSS StatsBank),2026-04-20,1988M08,..,..,..,26.0,..,19.7
Ghana Interest Rates,Ghana Statistical Service (GSS StatsBank),2026-04-20,1988M07,..,..,..,26.0,..,19.7
Ghana Interest Rates,Ghana Statistical Service (GSS StatsBank),2026-04-20,1988M06,..,..,..,26.0,..,19.7
Ghana Interest Rates,Ghana Statistical Service (GSS StatsBank),2026-04-20,1988M05,..,..,..,26.0,..,20.0
Ghana Interest Rates,Ghana Statistical Service (GSS StatsBank),2026-04-20,1988M04,..,..,..,26.0,..,20.0
Ghana Interest Rates,Ghana Statistical Service (GSS StatsBank),2026-04-20,1988M03,..,..,..,26.0,..,20.0
Ghana Interest Rates,Ghana Statistical Service (GSS StatsBank),2026-04-20,1988M02,..,..,..,26.0,..,22.8
Ghana Interest Rates,Ghana Statistical Service (GSS StatsBank),2026-04-20,1988M01,..,..,..,26.0,..,22.8
Ghana Interest Rates,Ghana Statistical Service (GSS StatsBank),2026-04-20,1987M12,..,..,..,23.5,..,22.8
Ghana Interest Rates,Ghana Statistical Service (GSS StatsBank),2026-04-20,1987M11,..,..,..,23.5,..,22.8
Ghana Interest Rates,Ghana Statistical Service (GSS StatsBank),2026-04-20,1987M10,..,..,..,23.5,..,22.8
Ghana Interest Rates,Ghana Statistical Service (GSS StatsBank),2026-04-20,1987M09,..,..,..,23.5,..,22.8
Ghana Interest Rates,Ghana Statistical Service (GSS StatsBank),2026-04-20,1987M08,..,..,..,23.5,..,22.8
Ghana Interest Rates,Ghana Statistical Service (GSS StatsBank),2026-04-20,1987M07,..,..,..,23.5,..,22.8
Ghana Interest Rates,Ghana Statistical Service (GSS StatsBank),2026-04-20,1987M06,..,..,..,23.5,..,22.8
Ghana Interest Rates,Ghana Statistical Service (GSS StatsBank),2026-04-20,1987M05,..,..,..,23.5,..,22.8
Ghana Interest Rates,Ghana Statistical Service (GSS StatsBank),2026-04-20,1987M04,..,..,..,23.5,..,22.8
Ghana Interest Rates,Ghana Statistical Service (GSS StatsBank),2026-04-20,1987M03,..,..,..,23.5,..,22.8
Ghana Interest Rates,Ghana Statistical Service (GSS StatsBank),2026-04-20,1987M02,..,..,..,23.5,..,22.8
Ghana Interest Rates,Ghana Statistical Service (GSS StatsBank),2026-04-20,1987M01,..,..,..,23.5,..,22.8
Ghana Interest Rates,Ghana Statistical Service (GSS StatsBank),2026-04-20,1986M12,..,..,..,23.5,..,22.8
Ghana Interest Rates,Ghana Statistical Service (GSS StatsBank),2026-04-20,1986M11,..,..,..,23.5,..,22.8
Ghana Interest Rates,Ghana Statistical Service (GSS StatsBank),2026-04-20,1986M10,..,..,..,23.5,..,22.8
Ghana Interest Rates,Ghana Statistical Service (GSS StatsBank),2026-04-20,1986M09,..,..,..,23.5,..,22.8
Ghana Interest Rates,Ghana Statistical Service (GSS StatsBank),2026-04-20,1986M08,..,..,..,20.5,..,19.8
Ghana Interest Rates,Ghana Statistical Service (GSS StatsBank),2026-04-20,1986M07,..,..,..,20.5,..,19.8
Ghana Interest Rates,Ghana Statistical Service (GSS StatsBank),2026-04-20,1986M06,..,..,..,20.5,..,19.8
Ghana Interest Rates,Ghana Statistical Service (GSS StatsBank),2026-04-20,1986M05,..,..,..,20.5,..,19.8
Ghana Interest Rates,Ghana Statistical Service (GSS StatsBank),2026-04-20,1986M04,..,..,..,20.5,..,19.8
Ghana Interest Rates,Ghana Statistical Service (GSS StatsBank),2026-04-20,1986M03,..,..,..,20.5,..,19.8
Ghana Interest Rates,Ghana Statistical Service (GSS StatsBank),2026-04-20,1986M02,..,..,..,18.5,..,17.8
Ghana Interest Rates,Ghana Statistical Service (GSS StatsBank),2026-04-20,1986M01,..,..,..,18.5,..,17.8
Ghana Interest Rates,Ghana Statistical Service (GSS StatsBank),2026-04-20,1985M12,..,..,..,18.5,..,17.8
Ghana Interest Rates,Ghana Statistical Service (GSS StatsBank),2026-04-20,1985M11,..,..,..,18.5,..,17.8
Ghana Interest Rates,Ghana Statistical Service (GSS StatsBank),2026-04-20,1985M10,..,..,..,18.5,..,17.8
Ghana Interest Rates,Ghana Statistical Service (GSS StatsBank),2026-04-20,1985M09,..,..,..,18.5,..,17.8
Ghana Interest Rates,Ghana Statistical Service (GSS StatsBank),2026-04-20,1985M08,..,..,..,18.5,..,17.8
Ghana Interest Rates,Ghana Statistical Service (GSS StatsBank),2026-04-20,1985M07,..,..,..,18.5,..,17.8
Ghana Interest Rates,Ghana Statistical Service (GSS StatsBank),2026-04-20,1985M06,..,..,..,18.5,..,17.8
Ghana Interest Rates,Ghana Statistical Service (GSS StatsBank),2026-04-20,1985M05,..,..,..,18.0,..,16.8
Ghana Interest Rates,Ghana Statistical Service (GSS StatsBank),2026-04-20,1985M04,..,..,..,18.0,..,16.8
Ghana Interest Rates,Ghana Statistical Service (GSS StatsBank),2026-04-20,1985M03,..,..,..,18.0,..,16.8
Ghana Interest Rates,Ghana Statistical Service (GSS StatsBank),2026-04-20,1985M02,..,..,..,18.0,..,13.0
Ghana Interest Rates,Ghana Statistical Service (GSS StatsBank),2026-04-20,1985M01,..,..,..,18.0,..,13.0
Ghana Interest Rates,Ghana Statistical Service (GSS StatsBank),2026-04-20,1984M12,..,..,..,14.5,..,13.0
Ghana Interest Rates,Ghana Statistical Service (GSS StatsBank),2026-04-20,1984M11,..,..,..,14.5,..,13.0
Ghana Interest Rates,Ghana Statistical Service (GSS StatsBank),2026-04-20,1984M10,..,..,..,14.5,..,13.0
Ghana Interest Rates,Ghana Statistical Service (GSS StatsBank),2026-04-20,1984M09,..,..,..,14.5,..,13.0
Ghana Interest Rates,Ghana Statistical Service (GSS StatsBank),2026-04-20,1984M08,..,..,..,14.5,..,13.0
Ghana Interest Rates,Ghana Statistical Service (GSS StatsBank),2026-04-20,1984M07,..,..,..,14.5,..,13.0
Ghana Interest Rates,Ghana Statistical Service (GSS StatsBank),2026-04-20,1984M06,..,..,..,14.5,..,13.0
Ghana Interest Rates,Ghana Statistical Service (GSS StatsBank),2026-04-20,1984M05,..,..,..,14.5,..,13.0
Ghana Interest Rates,Ghana Statistical Service (GSS StatsBank),2026-04-20,1984M04,..,..,..,14.5,..,13.0
Ghana Interest Rates,Ghana Statistical Service (GSS StatsBank),2026-04-20,1984M03,..,..,..,14.5,..,13.0
Ghana Interest Rates,Ghana Statistical Service (GSS StatsBank),2026-04-20,1984M02,..,..,..,14.5,..,13.0
Ghana Interest Rates,Ghana Statistical Service (GSS StatsBank),2026-04-20,1984M01,..,..,..,14.5,..,13.0
Ghana Interest Rates,Ghana Statistical Service (GSS StatsBank),2026-04-20,1983M12,..,..,..,14.5,..,13.0
Ghana Interest Rates,Ghana Statistical Service (GSS StatsBank),2026-04-20,1983M11,..,..,..,10.5,..,9.5
Ghana Interest Rates,Ghana Statistical Service (GSS StatsBank),2026-04-20,1983M10,..,..,..,10.5,..,9.5
Ghana Interest Rates,Ghana Statistical Service (GSS StatsBank),2026-04-20,1983M09,..,..,..,10.5,..,9.5
Ghana Interest Rates,Ghana Statistical Service (GSS StatsBank),2026-04-20,1983M08,..,..,..,10.5,..,9.5
Ghana Interest Rates,Ghana Statistical Service (GSS StatsBank),2026-04-20,1983M07,..,..,..,10.5,..,9.5
Ghana Interest Rates,Ghana Statistical Service (GSS StatsBank),2026-04-20,1983M06,..,..,..,10.5,..,9.5
Ghana Interest Rates,Ghana Statistical Service (GSS StatsBank),2026-04-20,1983M05,..,..,..,10.5,..,9.5
Ghana Interest Rates,Ghana Statistical Service (GSS StatsBank),2026-04-20,1983M04,..,..,..,10.5,..,9.5
Ghana Interest Rates,Ghana Statistical Service (GSS StatsBank),2026-04-20,1983M03,..,..,..,10.5,..,9.5
Ghana Interest Rates,Ghana Statistical Service (GSS StatsBank),2026-04-20,1983M02,..,..,..,10.5,..,9.5
Ghana Interest Rates,Ghana Statistical Service (GSS StatsBank),2026-04-20,1983M01,..,..,..,10.5,..,9.5
Ghana Interest Rates,Ghana Statistical Service (GSS StatsBank),2026-04-20,1982M12,..,..,..,10.5,..,9.5
Ghana Interest Rates,Ghana Statistical Service (GSS StatsBank),2026-04-20,1982M11,..,..,..,10.5,..,9.5
Ghana Interest Rates,Ghana Statistical Service (GSS StatsBank),2026-04-20,1982M10,..,..,..,10.5,..,9.5
Ghana Interest Rates,Ghana Statistical Service (GSS StatsBank),2026-04-20,1982M09,..,..,..,10.5,..,9.5
Ghana Interest Rates,Ghana Statistical Service (GSS StatsBank),2026-04-20,1982M08,..,..,..,10.5,..,9.5
Ghana Interest Rates,Ghana Statistical Service (GSS StatsBank),2026-04-20,1982M07,..,..,..,10.5,..,9.5
Ghana Interest Rates,Ghana Statistical Service (GSS StatsBank),2026-04-20,1982M06,..,..,..,10.5,..,9.5
Ghana Interest Rates,Ghana Statistical Service (GSS StatsBank),2026-04-20,1982M05,..,..,..,19.5,..,18.5
Ghana Interest Rates,Ghana Statistical Service (GSS StatsBank),2026-04-20,1982M04,..,..,..,19.5,..,18.5
Ghana Interest Rates,Ghana Statistical Service (GSS StatsBank),2026-04-20,1982M03,..,..,..,19.5,..,18.5
Ghana Interest Rates,Ghana Statistical Service (GSS StatsBank),2026-04-20,1982M02,..,..,..,19.5,..,18.5
Ghana Interest Rates,Ghana Statistical Service (GSS StatsBank),2026-04-20,1982M01,..,..,..,19.5,..,18.5
Ghana Interest Rates,Ghana Statistical Service (GSS StatsBank),2026-04-20,1981M12,..,..,..,19.5,..,18.5
Ghana Interest Rates,Ghana Statistical Service (GSS StatsBank),2026-04-20,1981M11,..,..,..,19.5,..,18.5
Ghana Interest Rates,Ghana Statistical Service (GSS StatsBank),2026-04-20,1981M10,..,..,..,19.5,..,18.5
Ghana Interest Rates,Ghana Statistical Service (GSS StatsBank),2026-04-20,1981M09,..,..,..,19.5,..,18.5
Ghana Interest Rates,Ghana Statistical Service (GSS StatsBank),2026-04-20,1981M08,..,..,..,13.5,..,12.0
Ghana Interest Rates,Ghana Statistical Service (GSS StatsBank),2026-04-20,1981M07,..,..,..,13.5,..,12.0
Ghana Interest Rates,Ghana Statistical Service (GSS StatsBank),2026-04-20,1981M06,..,..,..,13.5,..,12.0
Ghana Interest Rates,Ghana Statistical Service (GSS StatsBank),2026-04-20,1981M05,..,..,..,13.5,..,12.0
Ghana Interest Rates,Ghana Statistical Service (GSS StatsBank),2026-04-20,1981M04,..,..,..,13.5,..,12.0
Ghana Interest Rates,Ghana Statistical Service (GSS StatsBank),2026-04-20,1981M03,..,..,..,13.5,..,12.0
Ghana Interest Rates,Ghana Statistical Service (GSS StatsBank),2026-04-20,1981M02,..,..,..,13.5,..,12.0
Ghana Interest Rates,Ghana Statistical Service (GSS StatsBank),2026-04-20,1981M01,..,..,..,13.5,..,12.0
Ghana Interest Rates,Ghana Statistical Service (GSS StatsBank),2026-04-20,1980M12,..,..,..,13.5,..,12.0
Ghana Interest Rates,Ghana Statistical Service (GSS StatsBank),2026-04-20,1980M11,..,..,..,13.5,..,12.0
Ghana Interest Rates,Ghana Statistical Service (GSS StatsBank),2026-04-20,1980M10,..,..,..,13.5,..,12.0
Ghana Interest Rates,Ghana Statistical Service (GSS StatsBank),2026-04-20,1980M09,..,..,..,13.5,..,12.0
Ghana Interest Rates,Ghana Statistical Service (GSS StatsBank),2026-04-20,1980M08,..,..,..,13.5,..,12.0
Ghana Interest Rates,Ghana Statistical Service (GSS StatsBank),2026-04-20,1980M07,..,..,..,13.5,..,12.0
Ghana Interest Rates,Ghana Statistical Service (GSS StatsBank),2026-04-20,1980M06,..,..,..,13.5,..,12.0
Ghana Interest Rates,Ghana Statistical Service (GSS StatsBank),2026-04-20,1980M05,..,..,..,13.5,..,12.0
Ghana Interest Rates,Ghana Statistical Service (GSS StatsBank),2026-04-20,1980M04,..,..,..,13.5,..,12.0
Ghana Interest Rates,Ghana Statistical Service (GSS StatsBank),2026-04-20,1980M03,..,..,..,13.5,..,12.0
Ghana Interest Rates,Ghana Statistical Service (GSS StatsBank),2026-04-20,1980M02,..,..,..,13.5,..,12.0
Ghana Interest Rates,Ghana Statistical Service (GSS StatsBank),2026-04-20,1980M01,..,..,..,13.5,..,12.0
Ghana Interest Rates,Ghana Statistical Service (GSS StatsBank),2026-04-20,1979M12,..,..,..,13.5,..,12.0
Ghana Interest Rates,Ghana Statistical Service (GSS StatsBank),2026-04-20,1979M11,..,..,..,13.5,..,12.0
Ghana Interest Rates,Ghana Statistical Service (GSS StatsBank),2026-04-20,1979M10,..,..,..,13.5,..,12.0
Ghana Interest Rates,Ghana Statistical Service (GSS StatsBank),2026-04-20,1979M09,..,..,..,13.5,..,12.0
Ghana Interest Rates,Ghana Statistical Service (GSS StatsBank),2026-04-20,1979M08,..,..,..,13.5,..,12.0
Ghana Interest Rates,Ghana Statistical Service (GSS StatsBank),2026-04-20,1979M07,..,..,..,13.5,..,12.0
Ghana Interest Rates,Ghana Statistical Service (GSS StatsBank),2026-04-20,1979M06,..,..,..,13.5,..,12.0
Ghana Interest Rates,Ghana Statistical Service (GSS StatsBank),2026-04-20,1979M05,..,..,..,13.5,..,12.0
Ghana Interest Rates,Ghana Statistical Service (GSS StatsBank),2026-04-20,1979M04,..,..,..,13.5,..,12.0
Ghana Interest Rates,Ghana Statistical Service (GSS StatsBank),2026-04-20,1979M03,..,..,..,13.5,..,12.0
Ghana Interest Rates,Ghana Statistical Service (GSS StatsBank),2026-04-20,1979M02,..,..,..,13.5,..,12.0
Ghana Interest Rates,Ghana Statistical Service (GSS StatsBank),2026-04-20,1979M01,..,..,..,13.5,..,12.0
Ghana Interest Rates,Ghana Statistical Service (GSS StatsBank),2026-04-20,1978M12,..,..,..,13.5,..,12.0
Ghana Interest Rates,Ghana Statistical Service (GSS StatsBank),2026-04-20,1978M11,..,..,..,13.5,..,12.0
Ghana Interest Rates,Ghana Statistical Service (GSS StatsBank),2026-04-20,1978M10,..,..,..,13.5,..,12.0
Ghana Interest Rates,Ghana Statistical Service (GSS StatsBank),2026-04-20,1978M09,..,..,..,13.5,..,12.0
Ghana Interest Rates,Ghana Statistical Service (GSS StatsBank),2026-04-20,1978M08,..,..,..,8.0,..,7.8
Ghana Interest Rates,Ghana Statistical Service (GSS StatsBank),2026-04-20,1978M07,..,..,..,8.0,..,7.8
Ghana Interest Rates,Ghana Statistical Service (GSS StatsBank),2026-04-20,1978M06,..,..,..,8.0,..,7.8
Ghana Interest Rates,Ghana Statistical Service (GSS StatsBank),2026-04-20,1978M05,..,..,..,8.0,..,7.8
Ghana Interest Rates,Ghana Statistical Service (GSS StatsBank),2026-04-20,1978M04,..,..,..,8.0,..,7.8
Ghana Interest Rates,Ghana Statistical Service (GSS StatsBank),2026-04-20,1978M03,..,..,..,8.0,..,7.8
Ghana Interest Rates,Ghana Statistical Service (GSS StatsBank),2026-04-20,1978M02,..,..,..,8.0,..,7.8
Ghana Interest Rates,Ghana Statistical Service (GSS StatsBank),2026-04-20,1978M01,..,..,..,8.0,..,7.8
Ghana Interest Rates,Ghana Statistical Service (GSS StatsBank),2026-04-20,1977M12,..,..,..,8.0,..,7.8
Ghana Interest Rates,Ghana Statistical Service (GSS StatsBank),2026-04-20,1977M11,..,..,..,8.0,..,7.8
Ghana Interest Rates,Ghana Statistical Service (GSS StatsBank),2026-04-20,1977M10,..,..,..,8.0,..,7.8
Ghana Interest Rates,Ghana Statistical Service (GSS StatsBank),2026-04-20,1977M09,..,..,..,8.0,..,7.8
Ghana Interest Rates,Ghana Statistical Service (GSS StatsBank),2026-04-20,1977M08,..,..,..,8.0,..,7.8
Ghana Interest Rates,Ghana Statistical Service (GSS StatsBank),2026-04-20,1977M07,..,..,..,8.0,..,7.8
Ghana Interest Rates,Ghana Statistical Service (GSS StatsBank),2026-04-20,1977M06,..,..,..,8.0,..,7.8
Ghana Interest Rates,Ghana Statistical Service (GSS StatsBank),2026-04-20,1977M05,..,..,..,8.0,..,7.8
Ghana Interest Rates,Ghana Statistical Service (GSS StatsBank),2026-04-20,1977M04,..,..,..,8.0,..,7.8
Ghana Interest Rates,Ghana Statistical Service (GSS StatsBank),2026-04-20,1977M03,..,..,..,8.0,..,7.8
Ghana Interest Rates,Ghana Statistical Service (GSS StatsBank),2026-04-20,1977M02,..,..,..,8.0,..,7.8
Ghana Interest Rates,Ghana Statistical Service (GSS StatsBank),2026-04-20,1977M01,..,..,..,8.0,..,7.8
Ghana Interest Rates,Ghana Statistical Service (GSS StatsBank),2026-04-20,1976M12,..,..,..,8.0,..,7.8
Ghana Interest Rates,Ghana Statistical Service (GSS StatsBank),2026-04-20,1976M11,..,..,..,8.0,..,7.8
Ghana Interest Rates,Ghana Statistical Service (GSS StatsBank),2026-04-20,1976M10,..,..,..,8.0,..,7.8
Ghana Interest Rates,Ghana Statistical Service (GSS StatsBank),2026-04-20,1976M09,..,..,..,8.0,..,7.8
Ghana Interest Rates,Ghana Statistical Service (GSS StatsBank),2026-04-20,1976M08,..,..,..,8.0,..,7.8
Ghana Interest Rates,Ghana Statistical Service (GSS StatsBank),2026-04-20,1976M07,..,..,..,8.0,..,7.8
Ghana Interest Rates,Ghana Statistical Service (GSS StatsBank),2026-04-20,1976M06,..,..,..,8.0,..,7.8
Ghana Interest Rates,Ghana Statistical Service (GSS StatsBank),2026-04-20,1976M05,..,..,..,8.0,..,7.8
Ghana Interest Rates,Ghana Statistical Service (GSS StatsBank),2026-04-20,1976M04,..,..,..,8.0,..,7.8
Ghana Interest Rates,Ghana Statistical Service (GSS StatsBank),2026-04-20,1976M03,..,..,..,8.0,..,7.8
Ghana Interest Rates,Ghana Statistical Service (GSS StatsBank),2026-04-20,1976M02,..,..,..,8.0,..,7.8
Ghana Interest Rates,Ghana Statistical Service (GSS StatsBank),2026-04-20,1976M01,..,..,..,8.0,..,7.8
Ghana Interest Rates,Ghana Statistical Service (GSS StatsBank),2026-04-20,1975M12,..,..,..,8.0,..,7.8
Ghana Interest Rates,Ghana Statistical Service (GSS StatsBank),2026-04-20,1975M11,..,..,..,8.0,..,7.8
Ghana Interest Rates,Ghana Statistical Service (GSS StatsBank),2026-04-20,1975M10,..,..,..,8.0,..,7.8
Ghana Interest Rates,Ghana Statistical Service (GSS StatsBank),2026-04-20,1975M09,..,..,..,8.0,..,7.8
Ghana Interest Rates,Ghana Statistical Service (GSS StatsBank),2026-04-20,1975M08,..,..,..,6.0,..,5.2
Ghana Interest Rates,Ghana Statistical Service (GSS StatsBank),2026-04-20,1975M07,..,..,..,6.0,..,5.2
Ghana Interest Rates,Ghana Statistical Service (GSS StatsBank),2026-04-20,1975M06,..,..,..,6.0,..,5.2
Ghana Interest Rates,Ghana Statistical Service (GSS StatsBank),2026-04-20,1975M05,..,..,..,6.0,..,5.2
Ghana Interest Rates,Ghana Statistical Service (GSS StatsBank),2026-04-20,1975M04,..,..,..,6.0,..,5.2
Ghana Interest Rates,Ghana Statistical Service (GSS StatsBank),2026-04-20,1975M03,..,..,..,6.0,..,5.2
Ghana Interest Rates,Ghana Statistical Service (GSS StatsBank),2026-04-20,1975M02,..,..,..,6.0,..,5.2
Ghana Interest Rates,Ghana Statistical Service (GSS StatsBank),2026-04-20,1975M01,..,..,..,6.0,..,5.2
Ghana Interest Rates,Ghana Statistical Service (GSS StatsBank),2026-04-20,1974M12,..,..,..,6.0,..,5.2
Ghana Interest Rates,Ghana Statistical Service (GSS StatsBank),2026-04-20,1974M11,..,..,..,6.0,..,5.5
Ghana Interest Rates,Ghana Statistical Service (GSS StatsBank),2026-04-20,1974M10,..,..,..,6.0,..,5.5
Ghana Interest Rates,Ghana Statistical Service (GSS StatsBank),2026-04-20,1974M09,..,..,..,6.0,..,5.5
Ghana Interest Rates,Ghana Statistical Service (GSS StatsBank),2026-04-20,1974M08,..,..,..,6.0,..,5.5
Ghana Interest Rates,Ghana Statistical Service (GSS StatsBank),2026-04-20,1974M07,..,..,..,6.0,..,5.5
Ghana Interest Rates,Ghana Statistical Service (GSS StatsBank),2026-04-20,1974M06,..,..,..,6.0,..,5.5
Ghana Interest Rates,Ghana Statistical Service (GSS StatsBank),2026-04-20,1974M05,..,..,..,6.0,..,5.2
Ghana Interest Rates,Ghana Statistical Service (GSS StatsBank),2026-04-20,1974M04,..,..,..,6.0,..,5.2
Ghana Interest Rates,Ghana Statistical Service (GSS StatsBank),2026-04-20,1974M03,..,..,..,6.0,..,5.2
Ghana Interest Rates,Ghana Statistical Service (GSS StatsBank),2026-04-20,1974M02,..,..,..,6.0,..,5.2
Ghana Interest Rates,Ghana Statistical Service (GSS StatsBank),2026-04-20,1974M01,..,..,..,6.0,..,5.2
Ghana Interest Rates,Ghana Statistical Service (GSS StatsBank),2026-04-20,1973M12,..,..,..,6.0,..,5.2
Ghana Interest Rates,Ghana Statistical Service (GSS StatsBank),2026-04-20,1973M11,..,..,..,6.0,..,5.2
Ghana Interest Rates,Ghana Statistical Service (GSS StatsBank),2026-04-20,1973M10,..,..,..,6.0,..,5.2
Ghana Interest Rates,Ghana Statistical Service (GSS StatsBank),2026-04-20,1973M09,..,..,..,6.0,..,5.2
Ghana Interest Rates,Ghana Statistical Service (GSS StatsBank),2026-04-20,1973M08,..,..,..,6.0,..,5.2
Ghana Interest Rates,Ghana Statistical Service (GSS StatsBank),2026-04-20,1973M07,..,..,..,6.0,..,5.2
Ghana Interest Rates,Ghana Statistical Service (GSS StatsBank),2026-04-20,1973M06,..,..,..,6.0,..,5.2
Ghana Interest Rates,Ghana Statistical Service (GSS StatsBank),2026-04-20,1973M05,..,..,..,6.0,..,5.2
Ghana Interest Rates,Ghana Statistical Service (GSS StatsBank),2026-04-20,1973M04,..,..,..,6.0,..,5.2
Ghana Interest Rates,Ghana Statistical Service (GSS StatsBank),2026-04-20,1973M03,..,..,..,6.0,..,5.2
Ghana Interest Rates,Ghana Statistical Service (GSS StatsBank),2026-04-20,1973M02,..,..,..,6.0,..,5.2
Ghana Interest Rates,Ghana Statistical Service (GSS StatsBank),2026-04-20,1973M01,..,..,..,6.0,..,5.2
Ghana Interest Rates,Ghana Statistical Service (GSS StatsBank),2026-04-20,1972M12,..,..,..,8.0,..,6.5
Ghana Interest Rates,Ghana Statistical Service (GSS StatsBank),2026-04-20,1972M11,..,..,..,8.0,..,6.5
Ghana Interest Rates,Ghana Statistical Service (GSS StatsBank),2026-04-20,1972M10,..,..,..,8.0,..,6.5
Ghana Interest Rates,Ghana Statistical Service (GSS StatsBank),2026-04-20,1972M09,..,..,..,8.0,..,6.5
Ghana Interest Rates,Ghana Statistical Service (GSS StatsBank),2026-04-20,1972M08,..,..,..,8.0,..,6.5
Ghana Interest Rates,Ghana Statistical Service (GSS StatsBank),2026-04-20,1972M07,..,..,..,8.0,..,6.5
Ghana Interest Rates,Ghana Statistical Service (GSS StatsBank),2026-04-20,1972M06,..,..,..,8.0,..,6.5
Ghana Interest Rates,Ghana Statistical Service (GSS StatsBank),2026-04-20,1972M05,..,..,..,8.0,..,6.5
Ghana Interest Rates,Ghana Statistical Service (GSS StatsBank),2026-04-20,1972M04,..,..,..,8.0,..,6.5
Ghana Interest Rates,Ghana Statistical Service (GSS StatsBank),2026-04-20,1972M03,..,..,..,8.0,..,6.5
Ghana Interest Rates,Ghana Statistical Service (GSS StatsBank),2026-04-20,1972M02,..,..,..,8.0,..,6.5
Ghana Interest Rates,Ghana Statistical Service (GSS StatsBank),2026-04-20,1972M01,..,..,..,8.0,..,6.5
Ghana Interest Rates,Ghana Statistical Service (GSS StatsBank),2026-04-20,1971M12,..,..,..,8.0,..,6.5
Ghana Interest Rates,Ghana Statistical Service (GSS StatsBank),2026-04-20,1971M11,..,..,..,8.0,..,6.5
Ghana Interest Rates,Ghana Statistical Service (GSS StatsBank),2026-04-20,1971M10,..,..,..,8.0,..,6.5
Ghana Interest Rates,Ghana Statistical Service (GSS StatsBank),2026-04-20,1971M09,..,..,..,8.0,..,6.5
Ghana Interest Rates,Ghana Statistical Service (GSS StatsBank),2026-04-20,1971M08,..,..,..,8.0,..,6.5
Ghana Interest Rates,Ghana Statistical Service (GSS StatsBank),2026-04-20,1971M07,..,..,..,8.0,..,6.5
Ghana Interest Rates,Ghana Statistical Service (GSS StatsBank),2026-04-20,1971M06,..,..,..,8.0,..,6.5
Ghana Interest Rates,Ghana Statistical Service (GSS StatsBank),2026-04-20,1971M05,..,..,..,8.0,..,6.5
Ghana Interest Rates,Ghana Statistical Service (GSS StatsBank),2026-04-20,1971M04,..,..,..,8.0,..,6.5
Ghana Interest Rates,Ghana Statistical Service (GSS StatsBank),2026-04-20,1971M03,..,..,..,8.0,..,6.5
Ghana Interest Rates,Ghana Statistical Service (GSS StatsBank),2026-04-20,1971M02,..,..,..,8.0,..,6.5
Ghana Interest Rates,Ghana Statistical Service (GSS StatsBank),2026-04-20,1971M01,..,..,..,8.0,..,6.5
